{"cameraMode":{"drawMode":0,"name":"Shaded","section":"Shading Mode"},"sceneLighting":true,"audioPlay":false,"sceneViewState":{"m_AlwaysRefresh":false,"showFog":true,"showSkybox":true,"showFlares":true,"showImageEffects":true,"showParticleSystems":true,"showVisualEffectGraphs":true,"m_FxEnabled":false},"in2DMode":false,"pivot":{"x":1.0109518766403199,"y":1.2639212608337403,"z":0.13868427276611329},"rotation":{"x":-0.2213422954082489,"y":0.6641232967376709,"z":-0.2159639298915863,"w":-0.6806733012199402},"size":1.4490797519683838,"orthographic":true}