{"cameraMode":{"drawMode":0,"name":"Shaded","section":"Shading Mode"},"sceneLighting":true,"audioPlay":false,"sceneViewState":{"m_AlwaysRefresh":false,"showFog":true,"showSkybox":true,"showFlares":true,"showImageEffects":true,"showParticleSystems":true,"showVisualEffectGraphs":true,"m_FxEnabled":false},"in2DMode":false,"pivot":{"x":7.8868889808654789,"y":1.3658647537231446,"z":7.787191390991211},"rotation":{"x":-0.42032161355018618,"y":0.047093432396650317,"z":-0.0218296330422163,"w":-0.9059510827064514},"size":3.461064338684082,"orthographic":true}