{"cameraMode":{"drawMode":0,"name":"Shaded","section":"Shading Mode"},"sceneLighting":false,"audioPlay":false,"sceneViewState":{"m_AlwaysRefresh":false,"showFog":true,"showSkybox":false,"showFlares":true,"showImageEffects":true,"showParticleSystems":true,"showVisualEffectGraphs":true,"m_FxEnabled":true},"in2DMode":false,"pivot":{"x":0.21117883920669557,"y":0.6636654138565064,"z":0.1705225110054016},"rotation":{"x":0.0397108793258667,"y":0.946958065032959,"z":-0.1289200633764267,"w":0.29168519377708437},"size":1.2812978029251099,"orthographic":false}