{"cameraMode":{"drawMode":0,"name":"Shaded","section":"Shading Mode"},"sceneLighting":false,"audioPlay":false,"sceneViewState":{"m_AlwaysRefresh":false,"showFog":true,"showSkybox":false,"showFlares":true,"showImageEffects":true,"showParticleSystems":true,"showVisualEffectGraphs":true,"m_FxEnabled":false},"in2DMode":false,"pivot":{"x":0.023691177368164064,"y":0.875054657459259,"z":0.8313629031181336},"rotation":{"x":-0.041602399200201038,"y":0.9331323504447937,"z":-0.11478754132986069,"w":-0.33819201588630679},"size":1.5380274057388306,"orthographic":true}